{
  "energies": [
    5.0,
    10.0,
    20.0,
    50.0,
    100.0
  ],
  "mean_raw": [
    0.7975767876723006,
    0.8286469049485388,
    0.85513804433575,
    0.8744561539114648,
    0.8809454318019624
  ],
  "std_raw": [
    0.07025824834422707,
    0.07341940770250097,
    0.07543009140356124,
    0.0755408078582409,
    0.08033318064700028
  ],
  "mean_cal": [
    0.9116124236915933,
    0.9475413863865537,
    0.9780939216942945,
    1.000397446933113,
    1.0079615802143018
  ],
  "std_cal": [
    0.08112638631396807,
    0.08480367161907565,
    0.08710875157469886,
    0.08725253438909064,
    0.09275235110555578
  ]
}