{
  "a": 1.0570297789151035,
  "b": 1.1553110665353392,
  "mode": "two_anchor"
}