{
  "raw": {
    "mean": -0.27133233917142113,
    "rms": 0.0028209853160108232
  },
  "cal": {
    "mean": -0.1829938916930867,
    "rms": 0.003272518941463645
  },
  "n": 10000
}