{
  "energies": [
    5.0,
    10.0,
    20.0,
    50.0,
    100.0
  ],
  "mean_raw": [
    0.8303016014682753,
    0.8787409339234025,
    0.9088497769481901,
    0.9397127814290547,
    0.9553536707028866
  ],
  "std_raw": [
    0.041281295207168,
    0.04119251502258341,
    0.04281686571077444,
    0.043027743150293875,
    0.04397062866670777
  ],
  "mean_cal": [
    0.8827258388166692,
    0.935089371133012,
    0.9676698719231628,
    1.00094150223833,
    1.0178251165933474
  ],
  "std_cal": [
    0.04373394685858376,
    0.043616768420857814,
    0.045389966000409385,
    0.045647376430585175,
    0.04668934920301652
  ]
}